Product Name,Over_All_Rating,Price,Date,Rating,Name,Comment
Buy Red Tape Men Textured Mesh Sneakers  - Casual Shoes for Men 27390440 | Myntra,4.4,â‚¹1709,13 Feb 2024,5,Debraj Parai,"âœ¨HONEST REVIEWâœ¨ 
â­ Delivery Experience ğŸšš - 7- too long time 
â­ Packaging ğŸ“¦- 8
â­ Appearance ğŸ˜ƒ- 9
â­ Design & LooksğŸ‘Ÿ- 9
â­ Leather Technology used âš™ï¸- 8
â­ Memory foam ğŸš«
â­ Cushioning ğŸ‚- 7
â­ Value for money ğŸ¤‘- 9
â­ PU & Materials Quality ğŸ˜Š- 9

ğŸ»By the way I've grabbed it ğŸ˜œ just in â‚¹939(Cupon applied)
Recommendation âœ…
ğŸ
"
Buy Red Tape Men Textured Mesh Sneakers  - Casual Shoes for Men 27390440 | Myntra,4.4,â‚¹1709,10 Feb 2024,4,Myntra Customer,Good shoes but a little heavy if you are comfortable with heavy than go for it shoes are really nice ğŸ˜ŒğŸ˜Œ
Buy Red Tape Men Textured Mesh Sneakers  - Casual Shoes for Men 27390440 | Myntra,4.4,â‚¹1709,15 Jan 2024,5,Prince,"The shoes Quality is awesome very comfortable...if you buy it then you  loved it 
"
Buy Red Tape Men Textured Mesh Sneakers  - Casual Shoes for Men 27390440 | Myntra,4.4,â‚¹1709,12 Jan 2024,5,Pankaj Kr,"super shoes 
before this i  already have another red tape sneaker "
Buy Red Tape Men Textured Mesh Sneakers  - Casual Shoes for Men 27390440 | Myntra,4.4,â‚¹1709,9 June 2024,4,Jaimin,"Shoes look very good. 
The only thing which I don't like is that the shoes are of heavier size so it would be uncomfortable for anyone to wear it long or if you had to walk for quite a few distance.
Let's talk about the material used on the shoes so first thing yes it can easily attract dust and easily stain and the stain doesn't go away easily. So wearing it outdoors or where there is sand would be very hectic. For indoor office and or casually styling it is recommended. 
Another I would like to tell the Myntra team that if possible they can mention the weight of the shoes in the details area so it would become very feasible for everyone."
Buy Red Tape Men Textured Mesh Sneakers  - Casual Shoes for Men 27390440 | Myntra,4.4,â‚¹1709,8 Nov 2024,5,Rishabh,Very good product thanks for radtape
Buy Red Tape Men Textured Mesh Sneakers  - Casual Shoes for Men 27390440 | Myntra,4.4,â‚¹1709,19 Oct 2024,5,Devendra Mahor,It's good but i have change my mind ğŸ˜‰
Buy Red Tape Men Textured Mesh Sneakers  - Casual Shoes for Men 27390440 | Myntra,4.4,â‚¹1709,21 Jan 2024,5,Anuj Kumar,Bindaas purchase kro. I love itâ¤
